Título,"Principales Activos y Pasivos de la Banca Comercial 1/, Saldos nominales en miles de pesos, Activos Totales, m.n.+m.e., (A+B+C)","Principales Activos y Pasivos de la Banca Comercial 1/, Saldos nominales en miles de pesos, Activos Totales, m.n.+m.e., (A+B+C), A. Disponibilidades","Principales Activos y Pasivos de la Banca Comercial 1/, Saldos nominales en miles de pesos, Activos Totales, m.n.+m.e., (A+B+C), A. Disponibilidades, a.1 Banco de México","Principales Activos y Pasivos de la Banca Comercial 1/, Saldos nominales en miles de pesos, Activos Totales, m.n.+m.e., (A+B+C), A. Disponibilidades, a.1 Banco de México, a.1.1 Depósitos de regulación monetaria","Principales Activos y Pasivos de la Banca Comercial 1/, Saldos nominales en miles de pesos, Activos Totales, m.n.+m.e., (A+B+C), A. Disponibilidades, a.1 Banco de México, a.1.2 Otros depósitos 2/","Principales Activos y Pasivos de la Banca Comercial 1/, Saldos nominales en miles de pesos, Activos Totales, m.n.+m.e., (A+B+C), A. Disponibilidades, a.2 Resto 3/","Principales Activos y Pasivos de la Banca Comercial 1/, Saldos nominales en miles de pesos, Activos Totales, m.n.+m.e., (A+B+C), B. Bonos de regulación monetaria de negociabilidad limitada (BREMS L)","Principales Activos y Pasivos de la Banca Comercial 1/, Saldos nominales en miles de pesos, Activos Totales, m.n.+m.e., (A+B+C), C. Financiamiento 4/","Principales Activos y Pasivos de la Banca Comercial 1/, Saldos nominales en miles de pesos, Activos Totales, m.n.+m.e., (A+B+C), C. Financiamiento 4/, c.1 A sectores no bancarios internos 5/","Principales Activos y Pasivos de la Banca Comercial 1/, Saldos nominales en miles de pesos, Activos Totales, m.n.+m.e., (A+B+C), C. Financiamiento 4/, c.1 A sectores no bancarios internos 5/, c.1.1 Financiamiento directo","Principales Activos y Pasivos de la Banca Comercial 1/, Saldos nominales en miles de pesos, Activos Totales, m.n.+m.e., (A+B+C), C. Financiamiento 4/, c.1 A sectores no bancarios internos 5/, c.1.1 Financiamiento directo, c.1.1.1 Sector privado no bancario residente","Principales Activos y Pasivos de la Banca Comercial 1/, Saldos nominales en miles de pesos, Activos Totales, m.n.+m.e., (A+B+C), C. Financiamiento 4/, c.1 A sectores no bancarios internos 5/, c.1.1 Financiamiento directo, c.1.1.2 Estados y municipios","Principales Activos y Pasivos de la Banca Comercial 1/, Saldos nominales en miles de pesos, Activos Totales, m.n.+m.e., (A+B+C), C. Financiamiento 4/, c.1 A sectores no bancarios internos 5/, c.1.1 Financiamiento directo, c.1.1.3 Sector público federal","Principales Activos y Pasivos de la Banca Comercial 1/, Saldos nominales en miles de pesos, Activos Totales, m.n.+m.e., (A+B+C), C. Financiamiento 4/, c.1 A sectores no bancarios internos 5/, c.1.1 Financiamiento directo, c.1.1.4 Otros 6/","Principales Activos y Pasivos de la Banca Comercial 1/, Saldos nominales en miles de pesos, Activos Totales, m.n.+m.e., (A+B+C), C. Financiamiento 4/, c.1 A sectores no bancarios internos 5/, c.1.2 Títulos asociados a programas de reestructura 7/","Principales Activos y Pasivos de la Banca Comercial 1/, Saldos nominales en miles de pesos, Activos Totales, m.n.+m.e., (A+B+C), C. Financiamiento 4/, c.2 A la banca de desarrollo","Principales Activos y Pasivos de la Banca Comercial 1/, Saldos nominales en miles de pesos, Activos Totales, m.n.+m.e., (A+B+C), C. Financiamiento 4/, c.3 Al sector no residente","Principales Activos y Pasivos de la Banca Comercial 1/, Saldos nominales en miles de pesos, Pasivos más Capital, Totales, m.n.+m.e., (D+E+F+G+H), D. Captación, d.1 Sector privado no bancario residente 8/","Principales Activos y Pasivos de la Banca Comercial 1/, Saldos nominales en miles de pesos, Pasivos más Capital, Totales, m.n.+m.e., (D+E+F+G+H), D. Captación, d.1 Sector privado no bancario residente 8/, d.1.1 De exigibilidad inmediata","Principales Activos y Pasivos de la Banca Comercial 1/, Saldos nominales en miles de pesos, Pasivos más Capital, Totales, m.n.+m.e., (D+E+F+G+H), D. Captación, d.1 Sector privado no bancario residente 8/, d.1.2 A plazo","Principales Activos y Pasivos de la Banca Comercial 1/, Saldos nominales en miles de pesos, Pasivos más Capital, Totales, m.n.+m.e., (D+E+F+G+H), D. Captación, d.2 Banca de desarrollo","Principales Activos y Pasivos de la Banca Comercial 1/, Saldos nominales en miles de pesos, Pasivos más Capital, Totales, m.n.+m.e., (D+E+F+G+H), D. Captación, d.2 Banca de desarrollo, d.2.1 De exigibilidad inmediata","Principales Activos y Pasivos de la Banca Comercial 1/, Saldos nominales en miles de pesos, Pasivos más Capital, Totales, m.n.+m.e., (D+E+F+G+H), D. Captación, d.2 Banca de desarrollo, d.2.2 A plazo","Principales Activos y Pasivos de la Banca Comercial 1/, Saldos nominales en miles de pesos, Pasivos más Capital, Totales, m.n.+m.e., (D+E+F+G+H), D. Captación, d.3 Otros intermediarios financieros públicos 9/","Principales Activos y Pasivos de la Banca Comercial 1/, Saldos nominales en miles de pesos, Pasivos más Capital, Totales, m.n.+m.e., (D+E+F+G+H), D. Captación, d.3 Otros intermediarios financieros públicos 9/, d.3.1 De exigibilidad inmediata","Principales Activos y Pasivos de la Banca Comercial 1/, Saldos nominales en miles de pesos, Pasivos más Capital, Totales, m.n.+m.e., (D+E+F+G+H), D. Captación, d.3 Otros intermediarios financieros públicos 9/, d.3.2 A plazo","Principales Activos y Pasivos de la Banca Comercial 1/, Saldos nominales en miles de pesos, Pasivos más Capital, Totales, m.n.+m.e., (D+E+F+G+H), D. Captación, d.4 Sector público no financiero 10/","Principales Activos y Pasivos de la Banca Comercial 1/, Saldos nominales en miles de pesos, Pasivos más Capital, Totales, m.n.+m.e., (D+E+F+G+H), D. Captación, d.4 Sector público no financiero 10/, d.4.1 De exigibilidad inmediata","Principales Activos y Pasivos de la Banca Comercial 1/, Saldos nominales en miles de pesos, Pasivos más Capital, Totales, m.n.+m.e., (D+E+F+G+H), D. Captación, d.4 Sector público no financiero 10/, d.4.2 A plazo","Principales Activos y Pasivos de la Banca Comercial 1/, Saldos nominales en miles de pesos, Pasivos más Capital, Totales, m.n.+m.e., (D+E+F+G+H), D. Captación, d.5 Sector no residente","Principales Activos y Pasivos de la Banca Comercial 1/, Saldos nominales en miles de pesos, Pasivos más Capital, Totales, m.n.+m.e., (D+E+F+G+H), D. Captación, d.5 Sector no residente, d.5.1 De exigibilidad inmediata","Principales Activos y Pasivos de la Banca Comercial 1/, Saldos nominales en miles de pesos, Pasivos más Capital, Totales, m.n.+m.e., (D+E+F+G+H), D. Captación, d.5 Sector no residente, d.5.2 A plazo","Principales Activos y Pasivos de la Banca Comercial 1/, Saldos nominales en miles de pesos, Pasivos más Capital, Totales, m.n.+m.e., (D+E+F+G+H), E. Acreedores por reporto de valores, e.1 Banco de México","Principales Activos y Pasivos de la Banca Comercial 1/, Saldos nominales en miles de pesos, Pasivos más Capital, Totales, m.n.+m.e., (D+E+F+G+H), E. Acreedores por reporto de valores, e.2 Banca de desarrollo","Principales Activos y Pasivos de la Banca Comercial 1/, Saldos nominales en miles de pesos, Pasivos más Capital, Totales, m.n.+m.e., (D+E+F+G+H), E. Acreedores por reporto de valores, e.3 Sector privado no bancario residente 8/","Principales Activos y Pasivos de la Banca Comercial 1/, Saldos nominales en miles de pesos, Pasivos más Capital, Totales, m.n.+m.e., (D+E+F+G+H), E. Acreedores por reporto de valores, e.4 Otros intermediarios financieros públicos 9/","Principales Activos y Pasivos de la Banca Comercial 1/, Saldos nominales en miles de pesos, Pasivos más Capital, Totales, m.n.+m.e., (D+E+F+G+H), E. Acreedores por reporto de valores, e.5 Sector público no financiero 10/","Principales Activos y Pasivos de la Banca Comercial 1/, Saldos nominales en miles de pesos, Pasivos más Capital, Totales, m.n.+m.e., (D+E+F+G+H), E. Acreedores por reporto de valores, e.6 Sector no residente","Principales Activos y Pasivos de la Banca Comercial 1/, Saldos nominales en miles de pesos, Pasivos más Capital, Totales, m.n.+m.e., (D+E+F+G+H), F. Financiamiento interno recibido, f.1 Banco de México","Principales Activos y Pasivos de la Banca Comercial 1/, Saldos nominales en miles de pesos, Pasivos más Capital, Totales, m.n.+m.e., (D+E+F+G+H), F. Financiamiento interno recibido, f.2 Banca de desarrollo","Principales Activos y Pasivos de la Banca Comercial 1/, Saldos nominales en miles de pesos, Pasivos más Capital, Totales, m.n.+m.e., (D+E+F+G+H), F. Financiamiento interno recibido, f.3 Otros intermediarios financieros públicos 9/"
Periodo disponible,Jul 2009 - Mar 2022,Jul 2009 - Mar 2022,Jul 2009 - Mar 2022,Jul 2009 - Mar 2022,Jul 2009 - Mar 2022,Jul 2009 - Mar 2022,Jul 2009 - Mar 2022,Jul 2009 - Mar 2022,Jul 2009 - Mar 2022,Jul 2009 - Mar 2022,Jul 2009 - Mar 2022,Jul 2009 - Mar 2022,Jul 2009 - Mar 2022,Jul 2009 - Mar 2022,Jul 2009 - Mar 2022,Jul 2009 - Mar 2022,Jul 2009 - Mar 2022,Jul 2009 - Mar 2022,Jul 2009 - Mar 2022,Jul 2009 - Mar 2022,Jul 2009 - Mar 2022,Jul 2009 - Mar 2022,Jul 2009 - Mar 2022,Jul 2009 - Mar 2022,Jul 2009 - Mar 2022,Jul 2009 - Mar 2022,Jul 2009 - Mar 2022,Jul 2009 - Mar 2022,Jul 2009 - Mar 2022,Jul 2009 - Mar 2022,Jul 2009 - Mar 2022,Jul 2009 - Mar 2022,Jul 2009 - Mar 2022,Jul 2009 - Mar 2022,Jul 2009 - Mar 2022,Jul 2009 - Mar 2022,Jul 2009 - Mar 2022,Jul 2009 - Mar 2022,Jul 2009 - Mar 2022,Jul 2009 - Mar 2022,Jul 2009 - Mar 2022
Periodicidad,Mensual,Mensual,Mensual,Mensual,Mensual,Mensual,Mensual,Mensual,Mensual,Mensual,Mensual,Mensual,Mensual,Mensual,Mensual,Mensual,Mensual,Mensual,Mensual,Mensual,Mensual,Mensual,Mensual,Mensual,Mensual,Mensual,Mensual,Mensual,Mensual,Mensual,Mensual,Mensual,Mensual,Mensual,Mensual,Mensual,Mensual,Mensual,Mensual,Mensual,Mensual
Cifra,Saldos Nominales,Saldos Nominales,Saldos Nominales,Saldos Nominales,Saldos Nominales,Saldos Nominales,Saldos Nominales,Saldos Nominales,Saldos Nominales,Saldos Nominales,Saldos Nominales,Saldos Nominales,Saldos Nominales,Saldos Nominales,Saldos Nominales,Saldos Nominales,Saldos Nominales,Saldos Nominales,Saldos Nominales,Saldos Nominales,Saldos Nominales,Saldos Nominales,Saldos Nominales,Saldos Nominales,Saldos Nominales,Saldos Nominales,Saldos Nominales,Saldos Nominales,Saldos Nominales,Saldos Nominales,Saldos Nominales,Saldos Nominales,Saldos Nominales,Saldos Nominales,Saldos Nominales,Saldos Nominales,Saldos Nominales,Saldos Nominales,Saldos Nominales,Saldos Nominales,Saldos Nominales
Unidad,Miles de Pesos,Miles de Pesos,Miles de Pesos,Miles de Pesos,Miles de Pesos,Miles de Pesos,Miles de Pesos,Miles de Pesos,Miles de Pesos,Miles de Pesos,Miles de Pesos,Miles de Pesos,Miles de Pesos,Miles de Pesos,Miles de Pesos,Miles de Pesos,Miles de Pesos,Miles de Pesos,Miles de Pesos,Miles de Pesos,Miles de Pesos,Miles de Pesos,Miles de Pesos,Miles de Pesos,Miles de Pesos,Miles de Pesos,Miles de Pesos,Miles de Pesos,Miles de Pesos,Miles de Pesos,Miles de Pesos,Miles de Pesos,Miles de Pesos,Miles de Pesos,Miles de Pesos,Miles de Pesos,Miles de Pesos,Miles de Pesos,Miles de Pesos,Miles de Pesos,Miles de Pesos
Base,,,,,,,,,,,,,,,,,,,,,,,,,,,,,,,,,,,,,,,,,
Aviso,,,,,,,,,,,,,,,,,,,,,,,,,,,,,,,,,,,,,,,,,
Tipo de información,Niveles,Niveles,Niveles,Niveles,Niveles,Niveles,Niveles,Niveles,Niveles,Niveles,Niveles,Niveles,Niveles,Niveles,Niveles,Niveles,Niveles,Niveles,Niveles,Niveles,Niveles,Niveles,Niveles,Niveles,Niveles,Niveles,Niveles,Niveles,Niveles,Niveles,Niveles,Niveles,Niveles,Niveles,Niveles,Niveles,Niveles,Niveles,Niveles,Niveles,Niveles
Fecha,SF320753,SF320754,SF320755,SF320756,SF320757,SF320758,SF320759,SF320760,SF320761,SF320762,SF320763,SF320764,SF320765,SF320766,SF320767,SF320768,SF320769,SF320772,SF320773,SF320774,SF320775,SF320776,SF320777,SF320778,SF320779,SF320780,SF320781,SF320782,SF320783,SF320784,SF320785,SF320786,SF320788,SF320790,SF320789,SF320791,SF320792,SF320793,SF320795,SF320796,SF320797
01/07/2009,3986846051,557476384,285847144,267780421,18066723,271629240,N/E,3429369667,3322135806,3281811090,1772292102,106858898,1004765055,397895035,40324716,40557835,66676026,1850075004,931075571,918999433,3128513,574323,2554190,4625799,597438,4028361,172292606,151815009,20477597,23662452,9815257,13847195,837314358,289180221,47624685,4904263,120575100,1313813,74871680,38615120,46094277
01/08/2009,3945926780,544824285,275405489,269638209,5767280,269418796,N/E,3401102495,3289767492,3249361114,1753080862,112301471,987129867,396848914,40406378,41763168,69571835,1825594029,931932295,893661734,3679654,535417,3144237,4769154,633836,4135318,172542097,152664218,19877879,24574443,10256132,14318311,764421203,298141203,54360249,5278769,143059204,1994734,72997343,39455786,44127898
01/09/2009,4014779648,551411087,274420476,269778708,4641768,276990611,N/E,3463368561,3359507792,3319013228,1769216591,130080006,1024570748,395145883,40494564,40978549,62882220,1857817667,936174722,921642945,3427711,676511,2751200,4494629,639297,3855332,181736106,158239509,23496597,24652967,9063361,15589606,722842956,315219709,50135447,4452463,133840411,1397163,83502259,44046297,44395972
01/10/2009,3995781492,557047102,273810604,270960499,2850105,283236498,N/E,3438734390,3338583621,3298293234,1761084055,151965551,998076326,387167302,40290387,41651915,58498854,1865132515,962434334,902698181,4482082,778520,3703562,5790046,689654,5100392,183429631,158317864,25111767,27461603,12288370,15173233,729380989,277923961,69745188,4521319,145221348,870817,58236381,46806457,44465677
01/11/2009,4086795270,568923122,275107356,270634690,4472666,293815766,N/E,3517872148,3413846526,3373452169,1787526384,163985532,1038431246,383509007,40394357,44018139,60007483,1894369126,987942992,906426134,4282439,625990,3656449,3183680,742372,2441308,195882562,178645400,17237162,33097926,17088494,16009432,717635796,300357016,60061536,3740048,150574390,833163,58243813,46846819,44940027
01/12/2009,4030039190,527844030,279313663,268214978,11098685,248530367,N/E,3502195160,3379707983,3339209949,1800274952,174229367,1033880367,330825263,40498034,50212329,72274848,2022756233,1062244926,960511307,5955788,1287694,4668094,5615581,703335,4912246,188731030,166215077,22515953,37261215,18073109,19188106,724324344,201572651,33369191,3097990,87061397,832499,43193424,55965455,45827909
01/01/2010,3988206202,478911231,256257978,253529285,2728693,222653253,N/E,3509294971,3391946213,3351328059,1789974421,183879605,1061527708,315946325,40618154,45237218,72111540,1918139502,1014014273,904125229,6004511,818484,5186027,3099919,716699,2383220,172023510,152954867,19068643,28659935,9936358,18723577,745824374,190724995,39337905,4861485,146195900,1128593,9215661,52693828,44734550
01/02/2010,4003365436,467610158,255135980,252910770,2225210,212474178,N/E,3535755278,3419504209,3378772409,1789608459,182780754,1098409405,307973791,40731800,47477426,68773643,1897105032,991598383,905506649,5760019,882983,4877036,3048892,661151,2387741,190681479,166576078,24105401,31030024,12767062,18262962,764384114,175662674,50720663,4938627,110994425,682084,12593925,54321256,43574763
01/03/2010,4010753791,486767304,252290154,250465886,1824268,234477150,N/E,3523986487,3408026391,3367174810,1785101312,189282109,1097908838,294882551,40851581,44998414,70961682,1916553744,994209112,922344632,5946342,980468,4965874,3219499,572705,2646794,213526326,180934601,32591725,30978326,11939941,19038385,678516794,194222744,59631070,5552916,138661638,1433608,14190569,56883514,43299851
01/04/2010,4014051975,466908175,251533702,249933114,1600588,215374473,N/E,3547143800,3433352057,3392385486,1786165606,187579689,1111805656,306834535,40966571,39744325,74047418,1884655478,982452399,902203079,5814652,685912,5128740,3304037,591014,2713023,213168055,176516967,36651088,27296512,8169919,19126593,711926121,212677286,72707275,2521360,101535651,1074682,11263288,57216689,42833549
01/05/2010,4096812687,475331740,251360230,250485966,874264,223971510,N/E,3621480947,3498870111,3457788652,1803760400,194165291,1150192380,309670581,41081459,39202710,83408126,1890961563,996329053,894632510,5566391,503135,5063256,4118135,642535,3475600,219907379,180425345,39482034,31793477,12830576,18962901,746514492,228794755,93371195,4554132,112786198,1495450,11776328,54970039,43931270
01/06/2010,4043995235,454171303,251189134,249983800,1205334,202982169,N/E,3589823932,3457961395,3416757494,1811102534,197823675,1107619148,300212137,41203901,28752460,103110077,1949412882,1030085876,919327006,8777803,2026926,6750877,4266349,602639,3663710,224544019,181447859,43096160,36963489,11509297,25454192,691830080,123168582,70352794,5255688,120406941,1441508,3774298,58607268,44629505
01/07/2010,4026631400,453736676,250896957,250071895,825062,202839719,N/E,3572894724,3458398019,3417064356,1811942298,205346050,1101985780,297790228,41333663,28197656,86299049,1937838773,1017581278,920257495,6787290,1084328,5702962,5088296,638940,4449356,234768717,187656847,47111870,45585958,15049778,30536180,685656978,126784861,48799460,4582731,119065466,2422595,4310069,61216000,44642284
01/08/2010,4041204589,472746041,253447569,250031182,3416387,219298472,N/E,3568458548,3449420474,3407972102,1832722227,203419999,1068384972,303444904,41448372,29555113,89482961,1955852827,1028841162,927011665,6799296,790500,6008796,5940615,617355,5323260,237142911,186863132,50279779,49358956,14234682,35124274,740844964,71239404,53501460,4126086,105389942,1685255,4735891,62917850,43142003
01/09/2010,4162499613,524213899,252537393,249907643,2629750,271676506,N/E,3638285714,3518882507,3477381595,1864183046,205146907,1094342789,313708853,41500912,44632922,74770285,1969030388,1046586509,922443879,7812978,885054,6927924,6814362,700779,6113583,259354071,209169107,50184964,66974484,27971549,39002935,721629924,67593394,63088768,3625779,110510167,2577905,2603961,67879878,42656437
01/10/2010,4125854990,513985558,270243105,249068910,21174195,243742453,N/E,3611869432,3478501458,3436823603,1892078173,202280538,1021521549,320943343,41677855,37766414,95601560,1987826662,1045414294,942412368,7913817,1079596,6834221,7982458,1634356,6348102,244344528,195026350,49318178,47697060,13903821,33793239,782019625,12427258,58654074,3356526,101658003,2080225,2758835,60382612,43923010
01/11/2010,4191255090,509564760,259830536,249140463,10690073,249734224,N/E,3681690330,3552399560,3510616714,1917702047,206668824,1059817888,326427955,41782846,34999363,94291407,2013005202,1081240400,931764802,8383828,925673,7458155,9367341,3948194,5419147,248712481,201295128,47417353,47890392,15195786,32694606,750320939,8019293,53044819,4524909,123484210,1590105,4949260,58078086,44605546
01/12/2010,4248293335,546630240,261642699,249249151,12393548,284987541,N/E,3701663095,3569686513,3528220561,1924337239,219399214,1054438045,330046063,41465952,43323219,88653363,2161308646,1218318955,942989691,6958724,943105,6015619,9585793,3820509,5765284,224450495,185623805,38826690,75561527,41180904,34380623,681055212,24015884,61281735,3564204,78982545,11285157,3305273,67106324,45133621
01/01/2011,4258070670,581932714,305043337,249313107,55730230,276889377,N/E,3676137956,3546968857,3505873851,1922006296,218008527,1036053543,329805485,41095006,49612834,79556265,2087099564,1136788651,950310913,8398102,1068534,7329568,4572502,711441,3861061,225685700,176947161,48738539,44442592,13921919,30520673,753336030,0,84138594,3560332,98389272,14232269,1658106,61852551,43571963
01/02/2011,4315960788,580817096,331225462,249654096,81571366,249591634,N/E,3735143692,3598166531,3556931295,1941470367,221991894,1062809689,330659345,41235236,50097478,86879683,2111922193,1140686661,971235532,7537215,104655,7432560,6169311,838621,5330690,217313845,172115354,45198491,48613729,15259584,33354145,779416969,0,105208075,6492876,105531573,13694531,2454401,61546828,42834181
01/03/2011,4400630343,575892594,327124272,248508840,78615432,248768322,N/E,3824737749,3700362733,3658988183,1976570394,220905803,1115198714,346313272,41374550,44722872,79652144,2127421972,1159158330,968263642,8489201,1136332,7352869,7469474,781431,6688043,250493326,205952240,44541086,53895966,14265147,39630819,782478492,0,129163928,5357655,123596628,5097266,3058809,59911944,42154992
01/04/2011,4473707869,564193244,281319532,248542636,32776896,282873712,N/E,3909514625,3783855579,3742334048,2006838449,218611075,1179754236,337130288,41521531,46230331,79428715,2150016848,1162264292,987752556,8123292,1070159,7053133,6088502,692045,5396457,212219437,171747857,40471580,58713134,17378356,41334778,786047216,350924,142513662,4204848,94770791,21728245,6619821,60031598,42424337
01/05/2011,4412850824,494035449,254624447,248637424,5987023,239411002,N/E,3918815375,3788020095,3746350084,2012407007,218225007,1182396302,333321768,41670011,53771796,77023484,2126868288,1145847757,981020531,8289296,1068971,7220325,7431147,742754,6688393,219666503,180099204,39567299,64810162,18287009,46523153,776492658,1685022,133204383,4462337,107749048,19884541,6438711,60711649,43644178
01/06/2011,4480112827,543990140,291468037,248894882,42573155,252522103,N/E,3936122687,3795905312,3754087532,2033219961,211182658,1196335796,313349117,41817780,57910032,82307343,2161229744,1210755839,950473905,8072737,1101082,6971655,5963169,929854,5033315,234963823,190228096,44735727,88604982,38655358,49949624,760477894,116916,131712801,3125921,111806892,31087942,4560827,63136561,45650582
01/07/2011,4499873648,560111685,305516722,248806561,56710161,254594963,N/E,3939761963,3815935321,3773964912,2062456305,209966975,1173459444,328082188,41970409,47492124,76334518,2171468289,1187512253,983956036,9000782,1646259,7354523,6401816,674031,5727785,238628509,203785049,34843460,45907908,15084111,30823797,763549039,0,110584968,3318520,125312376,30367085,3701360,63823766,46105719
01/08/2011,4511822045,521090158,290430370,248937025,41493345,230659788,N/E,3990731887,3875318064,3833202444,2085948642,217507811,1219035008,310710983,42115620,36926465,78487358,2194329462,1193356767,1000972695,9764776,1139642,8625134,6519181,757112,5762069,239266967,209011887,30255080,52578726,19881882,32696844,804431776,0,92600783,3044816,99916603,18459131,2286924,64132224,45201586
01/09/2011,4539181403,516508969,269015083,249104379,19910704,247493886,N/E,4022672434,3897917942,3855660214,2145858973,214716439,1183005312,312079490,42257728,35715584,89038908,2304342355,1290295643,1014046712,8865441,1096976,7768465,6801204,753901,6047303,240990147,209445027,31545120,54920746,24198237,30722509,686134755,26840287,122925144,3830048,122660193,9493033,3586767,68325036,45108793
01/10/2011,4614640529,526407755,250264936,249139094,1125842,276142819,N/E,4088232774,3967867108,3925480805,2138969136,217900040,1246226277,322385352,42386303,36717576,83648090,2285139243,1269935815,1015203428,12239586,1024683,11214903,7914094,694086,7220008,234486951,209402737,25084214,56665263,24850352,31814911,752097163,69917917,90265790,1891241,117875429,19114591,4515400,66336068,45651262
01/11/2011,4682253287,505752677,250344613,249263786,1080827,255408064,N/E,4176500610,4059014936,4016474843,2189155050,222230328,1264492667,340596798,42540093,33478701,84006973,2295527587,1289049714,1006477873,9269386,1201339,8068047,5693534,750013,4943521,248363768,221585914,26777854,51093777,16334819,34758958,757533253,119778733,114014225,2470829,128392227,9428007,6972388,65949107,50194241
01/12/2011,4615439777,496236115,250803642,249360714,1442928,245432473,N/E,4119203662,3991057673,3948362924,2231709290,227614316,1150613046,338426272,42694749,30673496,97472493,2404188748,1399977231,1004211517,9550864,1331973,8218891,3442476,862663,2579813,213982109,192266809,21715300,89141182,54505492,34635690,738369648,60498784,98643796,2501396,82179389,22001281,8139987,73203372,49676330
01/01/2012,4630491257,518062484,250843896,249385538,1458358,267218588,N/E,4112428773,3995099940,3952250351,2212016902,231739406,1166543108,341950935,42849589,37016136,80312697,2337394722,1315129573,1022265149,7161769,522148,6639621,4833736,774721,4059015,233441292,209779288,23662004,78644516,44204008,34440508,796600310,6873269,107893206,2768240,124010602,2617940,3351635,68230264,49466729
01/02/2012,4615803347,490617230,250666490,249403356,1263134,239950740,N/E,4125186117,4014451699,3971450263,2211861360,228858816,1203704531,327025556,43001436,35249141,75485277,2302310683,1287352248,1014958435,7614441,728196,6886245,4264032,809521,3454511,237930021,209201714,28728307,66741756,30096536,36645220,812717533,23926684,121890155,1773811,93462430,4499456,13044634,70075185,50887137
01/03/2012,4669965829,492518841,249622916,248626396,996520,242895925,N/E,4177446988,4060368901,4017212217,2253873289,230697123,1222075437,310566368,43156684,39571093,77506994,2391996456,1357717980,1034278476,7815426,589592,7225834,3820761,988124,2832637,246475663,214986757,31488906,54242431,20134479,34107952,797634080,36538958,109155407,1843347,107173323,1419611,23991359,75086324,52706198
01/04/2012,4714181791,485798387,250556334,248708296,1848038,235242053,N/E,4228383404,4115780325,4072471203,2265695129,231614610,1272158165,303003299,43309122,35835278,76767801,2335812369,1321583606,1014228763,7157966,566462,6591504,4068175,772687,3295488,244399627,211208842,33190785,67239810,29829727,37410083,796350123,91520425,148618667,2328017,122117231,7447982,18738044,67317566,52592159
01/05/2012,4734581698,464979497,250201477,248892475,1309002,214778020,N/E,4269602201,4148855445,4105391501,2313118190,234013550,1239160452,319099309,43463944,37533653,83213103,2381572761,1351412326,1030160435,7794350,765716,7028634,3788691,727475,3061216,234881626,201925177,32956449,65186913,25822221,39364692,751802995,116627385,118628142,1352271,127639107,7026340,43365137,70222756,55968520
01/06/2012,4731406624,455134819,251855627,250327681,1527946,203279192,N/E,4276271805,4153545867,4109923076,2332003105,246138624,1235737561,296043786,43622791,36240760,86485178,2434181255,1416063767,1018117488,7714494,666810,7047684,5538185,1526379,4011806,257608799,220256946,37351853,79200800,43778665,35422135,738811590,29800911,137825718,1663129,98842523,8760445,2198561,72397115,47578894
01/07/2012,4755215512,476939850,252034724,250965987,1068737,224905126,N/E,4278275662,4152172961,4108416714,2335176857,247697919,1224306297,301235641,43756247,41304880,84797821,2374277618,1362582606,1011695012,7465882,1006062,6459820,5753225,1337060,4416165,234025341,200177369,33847972,77234702,46502414,30732288,814685556,91690636,103984076,3310966,144279934,8356294,1823117,69601447,54668207
01/08/2012,4736640815,475225610,252631218,249065997,3565221,222594392,N/E,4261415205,4136939853,4093050165,2347801778,250291779,1180223959,314732649,43889688,38302072,86173280,2433630155,1387642886,1045987269,7051588,882046,6169542,3687437,1105980,2581457,241666705,205524171,36142534,42487339,18402436,24084903,776800103,100484179,158067760,3205088,102566847,4897522,10420209,72544661,52451547
01/09/2012,4797305280,486242803,250516364,249100581,1415783,235726439,N/E,4311062477,4188481906,4144514351,2380634063,254736039,1187594766,321549483,43967555,40600893,81979678,2465475771,1409779192,1055696579,6477269,1037629,5439640,4681639,1398469,3283170,253983391,213692794,40290597,51235486,25969736,25265750,731751393,127766122,126198731,4261529,122496822,3455256,40126710,75093398,53106933
01/10/2012,4819581303,471378073,250724010,249210456,1513554,220654063,N/E,4348203230,4214901006,4170663356,2398337940,256437162,1178543949,337344305,44237650,44712790,88589434,2455786707,1385878540,1069908167,6284917,1210315,5074602,5342473,1254074,4088399,245087462,199490586,45596876,56547743,30011339,26536404,803726088,175139406,146901858,3826211,105724978,6758988,15335869,79731496,53952017
01/11/2012,4913570035,484309089,250972348,249269230,1703118,233336741,N/E,4429260946,4293615177,4249225396,2441087052,264885675,1198817936,344434733,44389781,49873959,85771810,2523753415,1446434536,1077318879,5498603,233460,5265143,2594287,1084158,1510129,247712081,204508162,43203919,59733227,19724335,40008892,765482326,175090522,113825687,1875003,153084734,11453431,17604520,78244216,57376873
01/12/2012,4835095196,497256269,252259611,249362807,2896804,244996658,N/E,4337838927,4221351206,4176805254,2467634105,273422141,1119065973,316683035,44545952,37619939,78867782,2604720079,1524890487,1079829592,6812574,1543905,5268669,3599008,886699,2712309,258226227,210849884,47376343,84846210,42987857,41858353,745172506,71121496,143164472,1510674,87151526,8747353,9934152,84919322,55569875
01/01/2013,4799458209,496933590,250232922,248563127,1669795,246700668,N/E,4302524619,4191070281,4146388941,2468907312,273607790,1081061807,322812032,44681340,36737348,74716990,2542170280,1456612636,1085557644,5066320,97635,4968685,2804603,1126148,1678455,230062586,192367212,37695374,84225931,34764142,49461789,791185712,61138639,174853624,4936075,107693603,12062359,16701577,74220328,54705633
01/02/2013,4871181399,474108546,249928457,248568458,1359999,224180089,N/E,4397072853,4288279674,4243384193,2477570461,272244406,1142188399,351380927,44895481,39695514,69097665,2524762856,1443986235,1080776621,5867969,1179175,4688794,5706452,1332099,4374353,244953475,204579136,40374339,74541662,23436570,51105092,812902495,105546701,145078274,5967980,113868928,9509306,4337020,76674432,54925334
01/03/2013,4870190350,517284797,251583968,248648697,2935271,265700829,N/E,4352905553,4248145522,4203095929,2490833025,274086081,1070267631,367909192,45049593,39248164,65511867,2540754280,1462515081,1078239199,6782956,1167459,5615497,6875292,1136595,5738697,250531592,207894592,42637000,76861230,33244536,43616694,791200750,148099107,105883522,5184808,103246630,9721781,16957253,72322660,55370398
01/04/2013,4944724233,453570415,249646854,247978227,1668627,203923561,N/E,4491153818,4390581182,4345385148,2507405867,273483025,1202067751,362428505,45196034,36457250,64115386,2504194601,1443830371,1060364230,5559851,695684,4864167,8273505,1009787,7263718,254438818,213512999,40925819,78555104,33768754,44786350,784553773,166919818,92169237,5399155,118986267,13115909,21630478,70462592,45668738
01/05/2013,4954955983,475019249,250097634,248229297,1868337,224921615,N/E,4479936734,4379534580,4334228057,2529481199,280022449,1185580911,339143498,45306523,38225237,62176917,2521443904,1464395340,1057048564,6285651,711114,5574537,5952416,1410980,4541436,254510425,211228109,43282316,75820135,35412000,40408135,767184568,223291970,77221746,5795112,128487941,15386519,17649784,81323950,55971440
01/06/2013,5010625345,481929137,251520483,249609189,1911294,230408654,N/E,4528696208,4422640932,4377193953,2553181836,282006878,1204930108,337075131,45446979,39329485,66725791,2596506843,1500543251,1095963592,6891794,734762,6157032,7226951,1420298,5806653,280312598,239868951,40443647,79288946,38574104,40714842,797932344,115322874,90736247,6214557,125459186,8081657,3819612,71171631,56617483
01/07/2013,5028471495,474834613,251592561,249651453,1941108,223242052,N/E,4553636882,4452778351,4407187879,2577846814,281756343,1202237850,345346872,45590472,38426478,62432053,2584107344,1503646970,1080460374,6619142,706685,5912457,6212834,1052654,5160180,267924798,229525834,38398964,70350137,27156348,43193789,913810149,108782823,81184824,6071863,127299209,12341026,2055261,71964696,53828486
01/08/2013,5092141444,453113583,251634338,249816963,1817375,201479245,N/E,4639027861,4511981472,4466244435,2612365603,284276008,1225970992,343631832,45737037,49431283,77615106,2637217422,1538640778,1098576644,7603655,729565,6874090,6531990,1061637,5470353,259637406,221845120,37792286,71939055,26703519,45235536,871300317,151558522,84962094,8023342,142530273,15981828,6428894,79364826,53728154
01/09/2013,5078066694,467840262,252120253,249814880,2305373,215720009,N/E,4610226432,4475119271,4429242326,2623467337,281092255,1194756453,329926281,45876945,61121145,73986016,2642720573,1539170134,1103550439,6717906,76370,6641536,9300687,1144475,8156212,294620699,250904547,43716152,69413456,25861892,43551564,835570394,132950418,61290397,7729254,147380577,10403098,12227509,80007529,52027024
01/10/2013,5133929779,480409759,251551361,250180141,1371220,228858398,N/E,4653520020,4520351087,4474328098,2648402141,285293840,1207316445,333315672,46022989,54861080,78307853,2616306720,1507446693,1108860027,7521328,74271,7447057,9283639,1262919,8020720,286596466,254755395,31841071,70653129,28635492,42017637,871646542,134928289,85421480,6833658,160318411,13304558,18653853,80665122,55490323
01/11/2013,5231826637,506332968,252015553,250235421,1780132,254317415,N/E,4725493669,4570432234,4524312644,2692812121,286423526,1216579974,328497023,46119590,67368506,87692929,2722224814,1610547263,1111677551,7176350,134585,7041765,6812770,1197607,5615163,285076687,250869301,34207386,66346632,27815131,38531501,840869356,172000232,79931981,7853455,148728166,10711710,5966150,84542874,58805779
01/12/2013,5305155012,525757189,257561400,250291732,7269668,268195789,N/E,4779397823,4627075306,4580825097,2722937610,295027912,1235457723,327401852,46250209,57254688,95067829,2797322982,1700106607,1097216375,9043288,1182924,7860364,2788256,977591,1810665,265070697,235253195,29817502,114231807,60906489,53325318,907446633,178985158,26726040,5852557,102478806,10102128,3790026,108163693,63554063
01/01/2014,5334813175,503684271,251259332,249739137,1520195,252424939,N/E,4831128904,4678967955,4632590546,2710440291,294538866,1245069032,382542357,46377409,61259423,90901526,2735489186,1654786266,1080702920,7498785,60528,7438257,4487009,1252798,3234211,261688952,234700121,26988831,83766676,26170119,57596557,937404437,115274164,76846775,6666598,132772354,5251319,28809218,94649732,61165297
01/02/2014,5282674431,488432391,251124033,249720641,1403392,237308358,N/E,4794242040,4637887669,4591389933,2705213139,298431101,1220311170,367434523,46497736,62856439,93497932,2731483285,1644501626,1086981659,9302290,1004600,8297690,5175627,1621421,3554206,259268067,230857145,28410922,81511759,22543937,58967822,903515923,159356543,110037326,3423530,142479290,5959229,2017572,101727662,60561570
01/03/2014,5447700433,492034704,250835986,249746101,1089885,241198718,N/E,4955665729,4799959237,4753338748,2712061928,296005406,1389594135,355677279,46620489,62326221,93380271,2809496965,1649656345,1159840620,11494453,1068969,10425484,4359325,1785843,2573482,297249150,274461407,22787743,75338246,21760517,53577729,849760529,144263844,114598924,1483838,142647196,6042043,15740091,103841947,60468365
01/04/2014,5589553822,537472504,250824825,249801216,1023609,286647679,N/E,5052081318,4899032876,4852287004,2725448447,296295852,1439980362,390562343,46745872,60858401,92190041,2827985090,1671279393,1156705697,8384215,940984,7443231,4740061,1972492,2767569,302277602,274749898,27527704,88412246,33099912,55312334,881684571,194329878,143654469,1421052,131831353,4208610,2682263,99650439,60293555
01/05/2014,5605756945,530034916,251638625,249826735,1811890,278396291,N/E,5075722029,4913122832,4866253145,2774351467,299392401,1410164047,382345230,46869687,70314886,92284311,2826466028,1683740862,1142725166,7008409,404977,6603432,4129442,1882719,2246723,290532042,263751636,26780406,89813751,24446932,65366819,915401123,211316189,138118344,1469255,144320693,4518448,25775454,94608050,61058565
01/06/2014,5499377620,460765235,199676421,197123466,2552955,261088814,52733677,4985878708,4823493538,4776495914,2783500694,299166530,1315758885,378069805,46997624,68075098,94310072,2855959892,1700792978,1155166914,7395932,619331,6776601,3896561,2432167,1464394,315943383,288424169,27519214,99518258,33437172,66081086,933680017,101524932,116385533,2057810,118896545,2890513,350712,92940322,57643936
01/07/2014,5548038045,451951378,198616379,197221242,1395137,253334999,52746585,5043340082,4864008802,4816892634,2790568591,299158888,1352080166,375084989,47116168,85779160,93552120,2861547384,1720129748,1141417636,9041425,697669,8343756,4647253,2811623,1835630,329906160,301404980,28501180,97013837,29681894,67331943,938891059,148463659,155475148,1756715,124840532,5041620,876073,100713577,55330716
01/08/2014,5559335075,481385459,207872140,206087592,1784548,273513319,52759866,5025189750,4854739774,4807512144,2809096227,299906929,1328284061,370224927,47227630,78100905,92349071,2868567139,1736015455,1132551684,9181607,665265,8516342,6059978,2712577,3347401,322474369,294637061,27837308,97924793,32513155,65411638,929575242,123633012,121537896,1326379,126657602,9790832,1455852,100113929,53720122
01/09/2014,5593942294,483338979,218280920,215048779,3232141,265058059,52774386,5057828929,4881639694,4834303177,2827065047,298656057,1333290332,375291741,47336517,80228807,95960428,2848932500,1734672450,1114260050,9670300,60575,9609725,6860694,2735498,4125196,338434422,314763052,23671370,91621307,23646796,67974511,920017532,141590291,147816107,1797057,106860862,12012244,1401922,101595072,54815754
01/10/2014,5645260964,533878742,226242360,223965161,2277199,307636382,52781818,5058600404,4892181406,4844732935,2850445799,302123904,1321325915,370837317,47448471,69204806,97214192,2917264768,1781040972,1136223796,9652264,78703,9573561,7223808,3154956,4068852,328755741,306380006,22375735,109151689,41066073,68085616,872020740,194222546,91648826,1342194,111678636,5789885,6889037,103664032,55860129
01/11/2014,5775728611,582256529,234538207,232944236,1593971,347718322,52792234,5140679848,4956908416,4909345377,2902216892,309407578,1333049555,364671352,47563039,81402309,102369123,2972184764,1850999488,1121185276,10059396,283256,9776140,5804683,2918522,2886161,323092823,296642775,26450048,104740138,34147724,70592414,855270005,285161223,99497767,1332733,146429289,4606997,24662943,111187639,58949062
01/12/2014,5720226208,563185127,234037581,232668513,1369068,329147546,52700580,5104340501,4904589188,4856912949,2922538387,316013488,1245469314,372891760,47676239,85783064,113968249,3092077880,1922786723,1169291157,10726224,74434,10651790,5153156,2779690,2373466,286902757,263895930,23006827,126353765,50899820,75453945,790004861,180592153,71007738,1757202,79357215,8585110,27649788,123207874,65721442
01/01/2015,5766526315,544272387,235059746,232757140,2302606,309212641,52696143,5169557785,4974815767,4927027625,2935437255,315999557,1287262440,388328373,47788142,84985895,109756123,3140528325,1941428296,1199100029,10618813,94347,10524466,6499371,3038157,3461214,288884441,259837110,29047331,104221111,28428190,75792921,838290074,148208282,137797696,1325606,101112971,10347361,2222780,120773439,63629162
01/02/2015,5801640441,553411076,236698487,232750531,3947956,316712589,52697205,5195532160,5002976238,4955081927,2926285567,317945465,1311758347,399092548,47894311,81933031,110622891,3161335848,1922903389,1238432459,10956209,581653,10374556,6398142,3025349,3372793,303271760,268128015,35143745,111159031,35480590,75678441,829657917,150698971,91603478,1523559,108532582,8737456,453123,117178295,62707417
01/03/2015,5943838385,553213949,235600634,232872497,2728137,317613315,52707185,5337917251,5158003713,5109994462,2966678610,313805766,1433176109,396333977,48009251,74084340,105829198,3162316127,1917084768,1245231359,11016213,594906,10421307,4907943,2452810,2455133,371556598,340737589,30819009,101909144,23156478,78752666,752345398,257675382,77899784,1625082,105682793,8677368,2236228,117358967,49234895
01/04/2015,6031905899,591417765,235841962,232933236,2908726,355575803,52715741,5387772393,5183095382,5134964700,3003677822,314265926,1412327065,404693887,48130682,90858833,113818178,3220926198,1964130491,1256795707,10716600,44368,10672232,7349580,4521261,2828319,325489014,297656184,27832830,108033527,29440358,78593169,733450077,368701276,115488339,1701531,112918575,10336918,1021636,115332698,63507080
01/05/2015,6114490267,588068501,236077648,232992636,3085012,351990853,52730602,5473691164,5251897760,5203647605,3043048153,317647991,1444721044,398230417,48250155,90028933,131764471,3252628471,1972980700,1279647771,11049146,639941,10409205,7269902,4058852,3211050,281049933,253552727,27497206,122134067,43869719,78264348,740144175,389192712,88687530,1635480,124428993,6013851,21233003,113125969,65402264
01/06/2015,6032948301,562270010,236363147,233485896,2877251,325906863,52738335,5417939956,5208369493,5159999599,3051125203,317242986,1383446312,408185098,48369894,89181231,120389232,3282725637,1993414403,1289311234,11126749,586058,10540691,8417264,4698270,3718994,294524624,266892385,27632239,111650055,29350441,82299614,750168747,257775897,75862839,1734487,82008999,7067573,653961,116046703,69092299
01/07/2015,6103875106,611161856,265248390,233632624,31615766,345913466,52751468,5439961782,5229463067,5180986275,3078159508,314823144,1354135900,433867723,48476792,97730493,112768222,3311565090,2026194422,1285370668,11302385,752331,10550054,9460569,6415542,3045027,307208184,275864545,31343639,111334189,27847902,83486287,722128104,324995706,112863847,1634461,92359525,6297810,304244,120524644,68355128
01/08/2015,6179128139,607289560,236970153,233851176,3118977,370319407,52764247,5519074332,5308641739,5260032758,3123862561,316004598,1402189616,417975983,48608981,96359509,114073084,3349231055,2062191258,1287039797,11126265,559902,10566363,9082591,6229590,2853001,306996285,271288040,35708245,113836963,27541494,86295469,652053993,390623239,67729268,1731022,100737805,6729544,553895,120685841,67752578
01/09/2015,6257357001,559236520,238512837,233917057,4595780,320723683,52773255,5645347226,5426973554,5378241559,3178896735,313561790,1480480078,405302956,48731995,96567799,121805873,3351499486,2066040035,1285459451,12316521,2072387,10244134,13783689,10952050,2831639,327552118,290836539,36715579,112616060,24791253,87824807,679459800,458256185,82334923,1696984,100572771,8442759,20708487,119885532,68881740
01/10/2015,6292781449,589093449,236514026,234051588,2462438,352579423,52784677,5650903323,5443233726,5394375536,3205691863,317694032,1477498025,393491616,48858190,96247397,111422200,3373231348,2102091426,1271139922,11864715,1948238,9916477,9260317,6597445,2662872,317179303,282819604,34359699,108737891,25477179,83260712,677632631,487101322,80302263,1855933,96321444,8651371,568537,125508323,71833614
01/11/2015,6332270371,599428359,239922097,234271436,5650661,359506262,52796911,5680045101,5470030805,5421049785,3255876607,325236809,1444793123,395143246,48981020,95892112,114122184,3368208183,2104357580,1263850603,12848457,2966984,9881473,12397896,9412043,2985853,329552943,291734785,37818158,107036713,25684552,81352161,607151268,560784122,52935602,1526527,111083007,6960788,7250233,121525411,73640052
01/12/2015,6415444257,666237707,266350732,232753706,33597026,399886975,52686682,5696519868,5465019367,5415914706,3311116458,335080485,1395636190,374081573,49104661,105530639,125969862,3544068528,2235817738,1308250790,15997160,5240769,10756391,8174836,6302499,1872337,299707301,275251529,24455772,114857581,30109045,84748536,598581759,581540284,30350927,2207971,92744596,5069599,3310679,138255523,81878665
01/01/2016,6402614415,620700766,242063095,233708809,8354286,378637671,52703011,5729210638,5535138669,5485918972,3380656977,333752126,1375701583,395808286,49219697,94634769,99437200,3497002135,2192658218,1304343917,12848250,3040793,9807457,10144166,8299582,1844584,298231000,271879676,26351324,120242973,30445131,89797842,635060853,480272031,87098413,2606222,103283521,2211220,3460655,131778788,81942064
01/02/2016,6496666018,644242387,240066494,232275472,7791022,404175893,52707464,5799716167,5599752228,5550392749,3386979858,333257017,1415702870,414453004,49359479,93345080,106618859,3488443351,2171212910,1317230441,13337343,3410576,9926767,8679181,7046315,1632866,321893226,292205503,29687723,120249100,30009236,90239864,633485532,552884807,56848435,2645198,111528117,3041810,1653076,132111883,78933707
01/03/2016,6560909158,676483274,242707437,232247205,10460232,433775837,52727916,5831697968,5596419471,5546921057,3369688106,330866299,1413315384,433051268,49498414,119026108,116252389,3532160400,2201198553,1330961847,15172448,5182037,9990411,8163430,6640467,1522963,397893704,364473242,33420462,132824320,43499926,89324394,663912315,462460647,45849145,2071441,128238856,1718379,5873622,129624476,81258378
01/04/2016,6537290160,633918916,273027486,262516717,10510769,360891430,52739025,5850632219,5612512756,5562857775,3399150432,328252688,1415038457,420416198,49654981,114109485,124009978,3598652572,2214416706,1384235866,13255165,2888867,10366298,8450174,6428368,2021806,366275001,332206388,34068613,117620470,28618733,89001737,601085942,440729633,51718245,2301521,107650967,2927597,30702003,129064337,82924204
01/05/2016,6536610857,562353779,240875055,211738641,29136414,321478724,76493713,5897763365,5646283658,5596473936,3457351853,325145108,1376421589,437555386,49809722,111528697,139951010,3635332537,2254928890,1380403647,12772855,3066046,9706809,8247426,6430555,1816871,364865345,324004305,40861040,126872015,34731876,92140139,651390635,369020199,41975978,1892310,100639703,1824975,651577,133587968,84770800
01/06/2016,6524477101,537717108,216077054,184837869,31239185,321640054,100162187,5886597806,5625184441,5575216751,3514527315,323780074,1308843683,428065679,49967690,116974455,144438910,3716331974,2306563245,1409768729,12178296,1862881,10315415,9024881,6579683,2445198,380339950,335954108,44385842,134835696,41675565,93160131,683376656,116350424,94680588,1507354,109139001,5971481,402587,136280633,86613187
01/07/2016,6528672356,500922661,194662413,184593634,10068779,306260248,100221869,5927527826,5686558835,5636432103,3573809121,326075699,1285759494,450787789,50126732,104928397,136040594,3717168115,2303018731,1414149384,15660246,2699425,12960821,9818744,6803662,3015082,346705315,323723486,22981829,125838511,32817080,93021431,710816605,174156403,71014612,1574646,126764833,2725931,1156434,137714310,87139549
01/08/2016,6578193704,521915234,209010067,184015820,24994247,312905167,100252684,5956025786,5720542168,5670239319,3595937325,321341688,1300702893,452257413,50302849,101258351,134225267,3763043321,2332306602,1430736719,13733826,3651990,10081836,10599979,7462657,3137322,363502872,325887552,37615320,123489013,31312048,92176965,627580174,197423811,89918862,1474977,123572026,2487746,503699,135888355,85707273
01/09/2016,6614362938,570895945,219929159,184099173,35829986,350966786,100280895,5943186098,5701826279,5651345931,3647081021,323320382,1229736361,451208167,50480348,96490860,144868959,3759694838,2330824651,1428870187,12137034,3563744,8573290,8195643,5944478,2251165,384589971,348036530,36553441,146055285,46771455,99283830,710567789,186835331,74822711,1361668,110413195,6991717,1606528,152228661,87776397
01/10/2016,6661953231,545351388,197640047,184179591,13460456,347711341,100347356,6016254487,5773796748,5723135723,3673803981,327477083,1252934441,468920218,50661025,99450536,143007203,3774800444,2348758205,1426042239,12020053,2741433,9278620,8137206,7185239,951967,381023538,335458451,45565087,129472421,33393426,96078995,775265160,158920949,116114882,1322435,86439778,8920103,1007902,147413591,88097526
01/11/2016,6891634388,658880057,253472879,184469012,69003867,405407178,100392913,6132361418,5880868629,5835672016,3784878763,328939638,1243885184,477968431,45196613,94391628,157101161,3874501604,2464063868,1410437736,15979413,4593477,11385936,6763729,6341635,422094,363033540,323116572,39916968,137786921,39636569,98150352,751186843,244993128,91896181,1270976,72992339,3778482,10584677,153927445,92453811
01/12/2016,6914461167,670543379,260430182,186029763,74400419,410113197,100054321,6143863467,5860539984,5815149057,3785136341,347999717,1178394662,503618337,45390927,99529728,183793755,4008286422,2575798957,1432487465,17233174,6221270,11011904,7001386,6383323,618063,330782354,298123450,32658904,146069130,42326569,103742561,769584491,188652604,78699584,642504,49964300,5616251,4726691,169057033,100602231
01/01/2017,6902156140,636543304,201678493,184684758,16993735,434864811,100097104,6165515732,5877880032,5832281312,3784051293,341600671,1222335240,484294108,45598720,109630271,178005429,3970336899,2535647659,1434689240,15341034,3224467,12116567,9557063,8934394,622669,355599977,312202902,43397075,143492929,39925050,103567879,747347422,178606422,113528298,1117219,80487358,7908325,4284975,164092704,96176710
01/02/2017,6859788029,579954690,217699998,184127496,33572502,362254692,100103584,6179729755,5897911994,5852093928,3795657605,339769723,1242304481,474362119,45818066,111924341,169893420,3995212220,2535341675,1459870545,13067516,3695359,9372157,12827724,12205878,621846,360560907,317647216,42913691,137776620,38014366,99762254,768294070,203784721,62999679,2004538,68268190,4389017,1978114,160091169,93568139
01/03/2017,6867577734,552903213,207285831,188890663,18395168,345617382,100162231,6214512290,5937867673,5891820294,3845945568,345843146,1220443589,479587991,46047379,104979756,171664861,3970811770,2511729252,1459082518,10974001,2362247,8611754,8637398,8213985,423413,421228615,369248762,51979853,128357355,35704988,92652367,769744375,247470320,67928026,1655957,88444459,6095268,1579700,155762787,94296313
01/04/2017,7077578523,605043122,234859806,193025028,41834778,370183316,100190604,6372344797,6076471600,6030183995,3900569033,345719260,1297328379,486567323,46287605,106844911,189028286,4082025086,2546715379,1535309707,12633469,3778617,8854852,8587201,7863186,724015,424200500,368617862,55582638,131097416,36345232,94752184,686377313,427379613,54646246,1575964,75573193,2435451,13101112,154502018,96553594
01/05/2017,7168998983,642703651,211494770,185922316,25572454,431208881,100260169,6426035163,6123651268,6077116224,3917861176,338498610,1328132101,492624337,46535044,102678145,199705750,4058731207,2468795766,1589935441,11355079,2780786,8574293,9962067,9383759,578308,423031454,374523101,48508353,121687786,29691824,91995962,680723129,412619394,36857669,2446128,70724956,3185419,14275148,153850425,94155519
01/06/2017,7050911598,568250563,224233579,185937047,38296532,344016984,100309529,6382351506,6127995349,6081209203,3960055981,336590065,1291006167,493556990,46786146,107768273,146587884,4137981935,2534596361,1603385574,13141371,3526039,9615332,12605913,11828893,777020,404567722,395344687,9223035,131208877,41335759,89873118,695839365,280453658,48863874,2097759,88292223,3374268,2069457,156247019,95467665
01/07/2017,7046152764,641206612,226155968,185977525,40178443,415050644,100367558,6304578594,6059171096,6024125254,3995567126,335518594,1209426427,483613107,35045842,100471684,144935814,4119405600,2547095764,1572309836,11002179,3660227,7341952,12423535,11655992,767543,410452897,388195245,22257652,121275873,31968201,89307672,737812771,362577707,32268820,1675480,70837950,2635453,712503,154798049,95917282
01/08/2017,7125193762,591624903,227364754,184300283,43064471,364260149,100426402,6433142457,6180257439,6145008764,4042834936,335544247,1276031627,490597954,35248675,110995625,141889393,4118263197,2523267823,1594995374,12117391,3081965,9035426,13170261,12342583,827678,423569278,393319187,30250091,121644260,31506034,90138226,668780252,407197329,39869308,3581386,84225706,5879704,509123,155387200,95709531
01/09/2017,7259223412,623844169,230920856,191330847,39590009,392923313,100463331,6534915912,6224329968,6188887714,4077122388,338616311,1280448059,492700956,35442254,119455944,191130000,4192236626,2593554340,1598682286,12962504,2965307,9997197,14946442,14244873,701569,432862683,398289763,34572920,128456418,35783947,92672471,680413348,436276744,46515406,3361298,110421118,4691991,9947906,155589351,96805145
01/10/2017,7417417938,684466217,235561683,184527815,51033868,448904534,100522191,6632429530,6274023011,6238384553,4124237296,334643837,1300238199,479265221,35638458,120679773,237726746,4267605676,2649113443,1618492233,13175540,3950842,9224698,15575591,14971939,603652,438782210,395332949,43449261,129880497,32709404,97171093,686054847,419219824,33652558,2234423,94762367,5534521,5954226,166184720,96698324
01/11/2017,7417405619,631178352,224939363,183609242,41330121,406238989,99425505,6686801762,6300333015,6264490328,4175457519,336960516,1274004805,478067488,35842687,122879064,263589683,4316209770,2698431451,1617778319,12829947,3184601,9645346,16766561,16134533,632028,425288357,390075911,35212446,129254848,32728846,96526002,686972502,449043799,28447592,1963978,80535887,3963453,3305304,166129340,98628523
01/12/2017,7429244129,664771246,263474405,184723644,78750761,401296841,100078288,6664394595,6312732560,6276659087,4228700286,349830544,1232017208,466111049,36073473,119041419,232620616,4480511220,2857222773,1623288447,15583845,4527930,11055915,11889881,11228955,660926,353215898,316805294,36410604,133459559,33495884,99963675,767072657,279293822,36341719,1783054,56564323,8313981,2510846,184684400,108362525
01/01/2018,7461900050,617391323,229246799,184710341,44536458,388144524,100138627,6744370100,6438624837,6402337648,4215053835,352238381,1331576877,503468555,36287189,119893281,185851982,4379999760,2696175453,1683824307,14362253,3590258,10771995,11988388,11185696,802692,364232943,323717483,40515460,124398722,31508478,92890244,734327892,247269693,38239148,1704950,85112784,5645160,1113403,175974651,104222714
01/02/2018,7507612156,604295429,231250804,183538008,47712796,373044625,100142959,6803173768,6494212182,6457707924,4239710375,347083453,1381261526,489652570,36504258,121557889,187403697,4386821531,2706353911,1680467620,13841372,4006320,9835052,13698803,13002948,695855,427473665,368894767,58578898,134541805,33110672,101431133,740914750,243217246,82001310,1344174,62529418,4856494,1805263,176910318,102934928
01/03/2018,7511613419,705103180,260518510,183647123,76871387,444584670,100193884,6706316355,6410458979,6373730677,4261511270,348414893,1350907590,412896924,36728302,116420098,179437278,4394474706,2738199805,1656274901,16192689,4145623,12047066,15483359,14620300,863059,439669051,392602035,47067016,134313242,37814892,96498350,779520257,262757324,47566723,1675605,72409320,8793910,410079,174875033,100932644
01/04/2018,7646447951,670725017,238368484,183769324,54599160,432356533,100250373,6875472561,6571966824,6535011648,4321405583,338578035,1461623060,413404970,36955176,116823006,186682731,4466505118,2757977206,1708527912,16873561,3850946,13022615,18352968,17160293,1192675,428328361,375748253,52580108,129352238,32003133,97349105,734036918,256269618,75548449,2040233,73395912,3818463,646862,186082218,97994960
01/05/2018,7819398218,692648294,245725889,183867801,61858088,446922405,100310001,7026439923,6683359837,6646177039,4412546420,342970973,1485130222,405529424,37182798,118032676,225047410,4485808367,2761318438,1724489929,21946526,6863351,15083175,16513876,15204866,1309010,448626078,389822738,58803340,136042534,33060586,102981948,755337272,358262383,73904928,2171300,88795922,19499539,206062,177096808,102853601
01/06/2018,7747062749,686466060,290603818,183946402,106657416,395862242,100354725,6960241964,6626969211,6589555554,4465591922,347560047,1376999045,399404540,37413657,111917254,221355499,4563789734,2860589935,1703199799,22141646,7652077,14489569,16940639,15822454,1118185,464460766,402984307,61476459,156005705,55062134,100943571,741021932,131454059,136153553,2136737,72420702,20867547,220020,184678310,110507439
01/07/2018,7652970568,687999960,249114329,184055278,65059051,438885631,100427529,6864543079,6547660426,6510010189,4448093539,342464692,1322472314,396979644,37650237,106602643,210280010,4540666821,2752558395,1788108426,17226555,3965409,13261146,10460876,9182377,1278499,425305241,375921892,49383349,140532354,41315759,99216595,728103021,308802471,55842368,2185335,87940025,22034181,7461954,184494744,109978119
01/08/2018,7605802523,625381722,257946336,184215027,73731309,367435386,100498991,6879921810,6555285545,6517419351,4493414444,333952158,1291308790,398743959,37866194,105504595,219131670,4658841217,2784800169,1874041048,12802542,4318693,8483849,14843246,13519035,1324211,396510514,362548958,33961556,145418885,40688181,104730704,670431994,304761873,67487431,2006920,65505474,23312212,3003245,181277096,106402896
01/09/2018,7637383100,605592508,266445972,184309304,82136668,339146536,100535955,6931254637,6592568705,6554486277,4515499919,333936527,1300384105,404665726,38082428,109602624,229083308,4640824251,2750956371,1889867880,13975054,4515999,9459055,9705646,8705904,999742,401289710,362673659,38616051,138366769,43584724,94782045,697137642,367944524,43068144,2270814,94257880,23676371,3011775,173931717,109475798
01/10/2018,7752395460,635584733,253694162,184531105,69163057,381890571,100599450,7016211277,6655036479,6616768284,4578384782,330881049,1315179085,392323368,38268195,107142915,254031883,4724511833,2796281093,1928230740,16115204,4473109,11642095,13092657,12508011,584646,415606435,372634034,42972401,145960728,42377965,103582763,680363831,380292664,22800849,1756838,48173227,23747704,3006553,183933857,111475774
01/11/2018,7906990098,699611571,252225441,183486378,68739063,447386130,100064399,7107314128,6779591230,6740970766,4646877836,318453684,1389190023,386449223,38620464,111802161,215920737,4810773768,2902755279,1908018489,17958786,5498044,12460742,8751877,8562117,189760,387572150,349648256,37923894,146854152,43140020,103714132,692435826,461569609,21567977,2012812,69410547,25858020,752794,188685775,115870463
01/12/2018,7950788940,783305064,319671765,183576233,136095532,463633299,100112702,7067371174,6738768755,6699899244,4639147939,330944775,1333235692,396570838,38869511,130765527,197836892,4838007295,2961530220,1876477075,17011690,5365754,11645936,11486552,11057841,428711,364235642,321930604,42305038,152464267,52500992,99963275,734806153,355181845,23822554,1671070,54308223,32747320,1091021,197258499,121548322
01/01/2019,7773872977,697049102,251571303,183727253,67844050,445477799,100178225,6976645650,6660634297,6621504209,4629873293,326845601,1278902613,385882702,39130088,129752025,186259328,4736611455,2845064262,1891547193,16651773,5516767,11135006,11064783,10650516,414267,397484179,340708351,56775828,138011902,41524100,96487802,742146556,252426158,67816480,2369529,81959810,98228806,742582,192025466,118148693
01/02/2019,7901271918,734093871,258976088,183630964,75345124,475117783,100178825,7066999222,6723446542,6684065164,4658546716,321868018,1313424454,390225976,39381378,140341606,203211074,4780676492,2846881850,1933794642,18225434,6271643,11953791,14882344,14478097,404247,423457941,362020838,61437103,137606566,39748818,97857748,740351716,212590882,34047798,1655298,94138763,27744867,541466,186505466,117666599
01/03/2019,7947932216,758997389,265572937,183779158,81793779,493424452,100247630,7088687197,6744337145,6704692140,4721071908,323328918,1262876719,397414595,39645005,139865574,204484478,4772720724,2863930965,1908789759,19788900,6386194,13402706,11549175,11030652,518523,466804369,388952738,77851631,136675474,38337342,98338132,763935528,158541578,79780296,1860680,92594033,38145380,405659,185413471,117712093
01/04/2019,8082965431,715016031,289728802,183384244,106344558,425287229,100314614,7267634786,6887489654,6846100838,4748296302,316818784,1360485609,420500143,41388816,136717862,243427270,4797698716,2844676299,1953022417,21016527,6352689,14663838,12724418,12027071,697347,490590832,413963963,76626869,152814180,40051082,112763098,695944735,337717865,72224179,2539355,69701522,22307653,208870,183457979,116370791
01/05/2019,8211176442,740805846,259405209,183196294,76208915,481400637,100362442,7370008154,6973067687,6932904100,4796182557,315633654,1399025540,422062349,40163587,129542475,267397992,4819469348,2877247249,1942222099,26626165,4672705,21953460,12857940,12127578,730362,491944823,409497560,82447263,154211851,39196685,115015166,747503515,390666892,82292922,2285364,78018497,70965743,200320,185621678,115014918
01/06/2019,8070774458,649797042,263895609,183265987,80629622,385901433,100419509,7320557907,6961262100,6920859886,4823598779,318452349,1362912851,415895907,40402214,117794035,241501772,4866154406,2890973668,1975180738,32514045,8823371,23690674,8484217,6865370,1618847,516812438,436117945,80694493,161488698,49994450,111494248,738939228,175241278,113952863,2513771,76647066,32781085,0,188088657,114270325
01/07/2019,8116494310,632431072,253777475,183438601,70338874,378653597,100477702,7383585536,6993157222,6952479698,4817040814,312477358,1412807522,410154004,40677524,125697707,264730607,4827146630,2867371023,1959775607,26450945,4960003,21490942,8697303,7464853,1232450,528816012,436302405,92513607,160772324,49520227,111252097,775075463,223179660,77704905,3052071,72894263,25295217,0,177699644,110795876
01/08/2019,8268595546,643756536,261375298,183475589,77899709,382381238,100551181,7524287829,7098013555,7057061953,4876541152,315939120,1466936443,397645238,40951602,121330560,304943714,4901923886,2939806543,1962117343,26031645,4959771,21071874,22823591,21521776,1301815,524097004,424429768,99667236,179356241,63317342,116038899,817892477,288653044,61268440,643867,77463490,37787729,1054275,172552496,110089932
01/09/2019,8101492883,593467473,223019383,184055839,38963544,370448090,97399431,7410625979,7011054712,6969831256,4852197432,301002777,1422659290,393971757,41223456,128206249,271365018,4819629723,2889454957,1930174766,31429992,4540014,26889978,8354982,7065260,1289722,516670281,424614185,92056096,154509321,40468048,114041273,818169877,366651132,78052906,204756,92048439,40665190,1708729,167409638,108819996
01/10/2019,8288238160,732603897,278154690,182634550,95520140,454449207,100017923,7455616340,7084876568,7043388558,4834169431,303073163,1523427718,382718246,41488010,126395181,244344591,4806056529,2898955644,1907100885,30267416,5277178,24990238,7206881,6174915,1031966,532692835,429900057,102792778,160249460,48642444,111607016,782726953,491603044,67923678,1780255,63558648,38094704,1419509,159051756,110869221
01/11/2019,8436733995,688055907,253932253,182621104,71311149,434123654,100077013,7648601075,7264014415,7222263155,4907811750,310887574,1609197430,394366401,41751260,123219654,261367006,4895234603,3026102519,1869132084,34835600,8650315,26185285,6775890,5747159,1028731,514170040,408273185,105896855,158266859,43521098,114745761,755261795,511705334,79835086,1507650,70836712,40258823,1309699,168552126,113908557
01/12/2019,8264486556,688899448,257309036,182936438,74372598,431590412,100120724,7475466384,7131249778,7089238550,4863706647,320135655,1500782658,404613590,42011228,138720775,205495831,4980700315,3110019586,1870680729,38547229,11030480,27516749,5799218,4922081,877137,467782304,382637848,85144456,169937395,54946511,114990884,806717998,322631071,31526169,1714055,63000211,50641486,958563,181404390,119118748
01/01/2020,8240202965,714665265,276854636,182877246,93977390,437810629,100184545,7425353155,7093646623,7051386881,4863623621,317364060,1471327905,399071295,42259742,138934052,192772480,4882712857,2991040123,1891672734,31035287,2808708,28226579,15220123,14238744,981379,488521229,398453273,90067956,156174511,43264612,112909899,768678653,299776736,66115863,1003303,78772030,40550112,1144844,165450398,114427053
01/02/2020,8344438396,703949028,283810605,182853589,100957016,420138423,100212282,7540277086,7175126359,7132621888,4907096652,315913467,1512226539,397385230,42504471,144164180,220986547,4987873316,3050110773,1937762543,24968122,2253107,22715015,13166343,12083531,1082812,473731112,385588315,88142797,167693528,57674094,110019434,815681404,237418397,96091872,1710890,75425361,64387950,859560,165491219,113001018
01/03/2020,8830367161,787203938,318513524,182978592,135534932,468690414,100238217,7942925006,7607841304,7564910192,5203376910,312603613,1649964258,398965411,42931112,142285597,192798105,5290181652,3268749039,2021432613,31333913,7244874,24089039,12800600,11761729,1038871,596109450,514219396,81890054,183405887,58716238,124689649,814413767,276999546,71108369,1343021,74777099,63424484,1985851,194941096,117012826
01/04/2020,9187147373,864270731,284939600,147972974,136966626,579331131,100267834,8222608808,7818735261,7775543625,5271850382,311106414,1768794138,423792691,43191636,134994385,268879162,5515327354,3441212116,2074115238,33574711,10524918,23049793,12324585,11436003,888582,524263496,439208514,85054982,225520081,56740579,168779502,878317860,340453382,62236780,454829,55118019,47500602,155689585,218677619,129087273
01/05/2020,9152476848,852199150,304861139,150056298,154804841,547338011,100260687,8200017011,7772350609,7728955559,5188986041,313194512,1791141397,435633609,43395050,136789155,290877247,5487368918,3431181743,2056187175,36444539,11908088,24536451,12582060,12531853,50207,514681292,436644124,78037168,208607427,50760835,157846592,786178471,440475161,38012163,94635,65151508,42914033,145922747,213125743,135519066
01/06/2020,9093246719,835228020,329801164,148393202,181407962,505426856,100301972,8157716727,7734564794,7691149319,5120886885,304639858,1810688593,454933983,43415475,139955338,283196595,5472298741,3426772091,2045526650,37352335,13037890,24314445,31698137,30737154,960983,510605163,433390525,77214638,219271429,55989111,163282318,802970801,331171196,31832460,1847035,68608884,43663179,38896856,205783685,141391901
01/07/2020,9091399687,878239600,326202026,148241638,177960388,552037574,100329442,8112830645,7680499108,7636899795,5028242505,300578613,1857506881,450571796,43599313,148645305,283686232,5470708031,3451079886,2019628145,30574023,12300673,18273350,24894494,23905519,988975,534071632,453248426,80823206,211680567,53169435,158511132,795715627,398511525,20946896,1742554,76622805,43206515,38836661,188505356,141029197
01/08/2020,9061287870,885939286,314755460,165131820,149623640,571183826,100343356,8075005228,7629657168,7585882594,4986476815,300570069,1850362181,448473529,43774574,138735583,306612477,5428714044,3449297482,1979416562,30468710,13479606,16989104,25283755,24283452,1000303,544600881,465069994,79530887,205018641,47620110,157398531,785797467,440531388,32580315,1556694,70863671,42647534,38783126,171560718,141619012
01/09/2020,9024391018,878414702,330619134,165187655,165431479,547795568,100352934,8045623382,7632960142,7589020613,4946749529,301982885,1928074591,412213608,43939529,130462204,282201036,5390500869,3450295989,1940204880,28136351,11970537,16165814,23483452,22201600,1281852,557683722,481004549,76679173,198548024,38715489,159832535,810478348,453002094,18971334,1591914,92907392,41648624,11095376,169778003,143417529
01/10/2020,9031384111,906262495,358539282,165815703,192723579,547723213,100038556,8025083060,7617591210,7573494928,4889014058,307256885,1973800737,403423248,44096282,132815386,274676464,5446352633,3527413955,1918938678,30867951,12911938,17956013,29526568,28276531,1250037,548968803,480129349,68839454,184605864,34866937,149738927,748132400,507237140,17914130,2264192,78378465,43072121,10130998,169359087,144272656
01/11/2020,9016748390,881897853,312360292,152344438,160015854,569537561,100063771,8034786766,7623979457,7579723658,4860560070,311311791,1996646647,411205150,44255799,131308760,279498549,5431137431,3551212801,1879924630,30636115,15390809,15245306,22791883,21410342,1381541,523520680,463850698,59669982,193137129,50405175,142731954,756941726,666465313,19137589,2188604,85918079,41965262,9110113,172779017,142667795
01/12/2020,8946038574,895144773,339613422,169398475,170214947,555531351,100104257,7950789544,7539912205,7495499924,4795186414,331001376,1950879004,418433130,44412281,141784951,269092388,5545607222,3687699917,1857907305,34494207,19588770,14905437,11200720,9825673,1375047,455440838,404485255,50955583,184705503,42520659,142184844,754198197,570024706,13024114,1526306,66602560,39335046,607670,178183325,146971894
01/01/2021,9097597805,911715736,336988590,159824438,177164152,574727146,100125421,8085756648,7674379366,7629810959,4790650126,329287739,2073865882,436007212,44568407,146823729,264553553,5489943924,3638438345,1851505579,32574819,17302788,15272031,10273112,8892827,1380285,471544072,420243700,51300372,191655186,47359304,144295882,842045900,604358833,17839792,2085324,89066851,40970421,898774,164248192,146720620
01/02/2021,9061570498,904919213,336628021,160383569,176244452,568291192,100119041,8056532244,7652302649,7607580131,4792376506,327879367,2081043276,406280982,44722518,132913148,271316447,5465823666,3627340246,1838483420,34000248,17558734,16441514,22112605,20744292,1368313,520839010,468951379,51887631,195727942,46159121,149568821,841049495,515636363,33572377,1410531,80008710,50602858,8054424,149294010,144418874
01/03/2021,9018518200,911370461,328244425,152066039,176178386,583126036,100167286,8006980453,7600899982,7556022770,4775323322,319585281,2072880211,388233956,44877212,126917201,279163270,5442540501,3652753599,1789786902,36725865,22446682,14279183,21647353,20287121,1360232,597565378,547266473,50298905,193153416,44982973,148170443,884852718,529438398,11184450,1550502,81967254,39813163,19073091,146044126,145695160
01/04/2021,9042010417,919817772,311718543,148981316,162737227,608099229,100186328,8022006317,7639970245,7594941336,4778939775,316453508,2105392079,394155974,45028909,127592582,254443490,5440648193,3679892073,1760756120,37767155,23952339,13814816,30627415,29332651,1294764,509989937,461623715,48366222,189598830,43864544,145734286,868091637,676827027,27033445,1574523,74800927,42484310,19136312,144931921,146048882
01/05/2021,9054611235,919555386,339813965,176824363,162989602,579741421,100216546,8034839303,7643363956,7598182902,4773290580,315536687,2121520031,387835604,45181054,133580681,257894666,5433519035,3688307596,1745211439,38083097,24815823,13267274,33120318,31915910,1204408,527043538,479216199,47827339,203462592,59590705,143871887,861720876,688589864,13982647,1426131,88189648,42308732,19149595,143452235,144978378
01/06/2021,8983388553,972942446,361017369,169014897,192002472,611925077,100242317,7910203790,7517458393,7472124506,4793544028,313384018,1953094178,412102282,45333887,140274652,252470745,5457445200,3713889376,1743555824,38533030,26707462,11825568,38915346,37716795,1198551,532619721,491870576,40749145,185816168,41477359,144338809,848569785,542838257,26622181,1147924,67861209,44470343,19530174,139610546,141308203
01/07/2021,9030833688,982227114,378782727,172039358,206743369,603444387,100283741,7948322833,7537623634,7492135533,4819895586,310928942,1951759157,409551848,45488101,135406471,275292728,5542577582,3813154608,1729422974,37441407,24934289,12507118,25921437,24717625,1203812,502050403,466043398,36007005,190429719,45945887,144483832,876230743,577854305,16171279,1392886,67885713,43303970,19881059,132214094,136823137
01/08/2021,9055750423,895197852,339720240,176049562,163670678,555477612,100335046,8060217525,7601708573,7556055896,4823728679,306262909,2025053290,401011018,45652677,136710746,321798206,5540762652,3814006575,1726756077,31177376,19651223,11526153,26114101,24906968,1207133,485182709,453886886,31295823,197444533,50755899,146688634,922608576,584081504,22098514,990248,56896448,41506916,19949428,131103094,131847910
01/09/2021,9007079237,816321545,288318176,168048191,120269985,528003369,100016642,8090741050,7585127754,7539288710,4851535758,307840021,2005299767,374613164,45839044,132838611,372774685,5589592197,3826844637,1762747560,28638068,18214937,10423131,20002354,18590470,1411884,462182764,431815562,30367202,195404023,45746836,149657187,914143587,601140426,10768237,825327,70091604,42886442,20270266,132440216,131269880
01/10/2021,9241915119,886343981,301084124,161765640,139318484,585259857,100011667,8255559471,7739416289,7693399217,4879329007,311463549,2119479250,383127411,46017072,144251595,371891587,5630138424,3853201449,1776936975,30783264,18662622,12120642,19331721,17934473,1397248,470994541,436966126,34028415,192043748,43473786,148569962,891530679,715881046,14333546,989747,66007122,45965285,21103500,130714205,130739606
01/11/2021,9457891591,985458544,412463234,233485720,178977514,572995310,100051859,8372381188,7803699631,7757498005,4961654238,323193340,2087836455,384813972,46201626,155339058,413342499,5780222208,3976039122,1804183086,34226100,16784716,17441384,19964712,18586906,1377806,458731317,427583211,31148106,208464511,54767374,153697137,948222863,659013877,19514355,1342934,74069904,48889791,58171856,133541147,130792574
01/12/2021,9364787147,977566807,375756015,172594527,203161488,601810792,100107852,8287112488,7704346197,7657950310,4975735342,341151174,1945358271,395705523,46395887,155434899,427331392,5920186700,4101206860,1818979840,36188485,19072251,17116234,16601891,15239461,1362430,404436160,374070808,30365352,191352295,43918033,147434262,948490121,459368277,8310948,1016972,67659166,48711716,42047228,138016541,133239843
01/01/2022,9380632176,957241464,341192506,167549833,173642673,616048958,100151514,8323239198,7787106674,7740508059,5023384524,347278671,1959606947,410237917,46598615,144101287,392031237,5776201193,4023732085,1752469108,41789105,20482097,21307008,19159050,17539883,1619167,446779947,411451356,35328591,228841109,52173758,176667351,851953310,480555207,16790235,1117852,102228320,48311418,28562145,127181583,125162766
01/02/2022,9358302837,996076355,375454908,161741607,213713301,620621447,100164914,8262061568,7743479361,7696668492,5022824572,342277924,1928284002,403281994,46810869,140853868,377728339,5864659885,4079307792,1785352093,42645737,22056687,20589050,21485296,19867021,1618275,497966274,462071612,35894662,229530278,53442332,176087946,879065808,345815959,41055203,819964,77663673,43327823,28973754,125443225,123844546
01/03/2022,9457989586,1008946958,331632787,157782918,173849869,677314171,100226752,8348815876,7799071772,7752032920,5102253992,332803719,1931536174,385439035,47038852,141533005,408211099,5820181780,4043863014,1776318766,37578896,18796146,18782750,23215170,21585611,1629559,649194444,616579399,32615045,223326920,52175792,171151128,898917753,329529670,21697407,1191230,97072954,51890611,29430042,136192073.6,123230787.2
